video,fold,n_pos,n_neg,n_inst
0036 - Laparoscopic Cholecystectomy.mp4,0,64,32,119
0092 - Laparoscopic Cholecystectomy.mp4,0,14,60,27
0001 - Laparoscopic Cholecystectomy.mp4,1,15,113,22
0002 - Laparoscopic Cholecystectomy.mp4,1,16,28,25
0020 - Laparoscopic Cholecystectomy.mp4,1,12,15,23
0074 - Laparoscopic Cholecystectomy.mp4,1,37,64,126
0010 - Laparoscopic Cholecystectomy.mp4,2,21,54,69
0053 - Laparoscopic Cholecystectomy.mp4,2,15,33,23
0128 - Laparoscopic Cholecystectomy.mp4,2,34,74,89
